{"cameraMode":{"drawMode":0,"name":"Shaded","section":"Shading Mode"},"sceneLighting":true,"audioPlay":false,"sceneViewState":{"showFog":true,"showMaterialUpdate":true,"showSkybox":true,"showFlares":true,"showImageEffects":true,"showParticleSystems":true},"in2DMode":false,"pivot":{"x":0.17751330137252809,"y":-2.078078508377075,"z":-1.905653476715088},"rotation":{"x":0.008563973940908909,"y":0.987522542476654,"z":-0.14622309803962708,"w":0.05783430486917496},"size":9.580992698669434,"orthographic":false}