{"cameraMode":{"drawMode":0,"name":"Shaded","section":"Shading Mode"},"sceneLighting":false,"audioPlay":false,"sceneViewState":{"showFog":true,"showMaterialUpdate":false,"showSkybox":true,"showFlares":true,"showImageEffects":true,"showParticleSystems":true},"in2DMode":false,"pivot":{"x":13.15893268585205,"y":1.6511770486831666,"z":-7.009866237640381},"rotation":{"x":0.0709441527724266,"y":-0.6424981951713562,"z":0.05992525443434715,"w":0.7606391906738281},"size":11.325833320617676,"orthographic":false}