{"cameraMode":{"drawMode":0,"name":"Shaded","section":"Shading Mode"},"sceneLighting":false,"audioPlay":false,"sceneViewState":{"showFog":true,"showMaterialUpdate":false,"showSkybox":true,"showFlares":true,"showImageEffects":true,"showParticleSystems":true},"in2DMode":false,"pivot":{"x":-2.2071664333343508,"y":0.7392159700393677,"z":2.5693113803863527},"rotation":{"x":-0.012743827886879444,"y":-0.9867971539497376,"z":0.09801358729600907,"w":-0.12830586731433869},"size":0.9781420230865479,"orthographic":false}