{"cameraMode":{"drawMode":0,"name":"Shaded","section":"Shading Mode"},"sceneLighting":true,"audioPlay":false,"sceneViewState":{"showFog":true,"showMaterialUpdate":false,"showSkybox":true,"showFlares":true,"showImageEffects":true,"showParticleSystems":true},"in2DMode":false,"pivot":{"x":-0.4110989570617676,"y":-0.749903678894043,"z":0.9133977890014648},"rotation":{"x":-0.11962694674730301,"y":-0.7410016059875488,"z":0.13714127242565156,"w":-0.6463732719421387},"size":2.8409335613250734,"orthographic":false}