{"cameraMode":{"drawMode":0,"name":"Shaded","section":"Shading Mode"},"sceneLighting":false,"audioPlay":false,"sceneViewState":{"showFog":true,"showMaterialUpdate":false,"showSkybox":true,"showFlares":true,"showImageEffects":true,"showParticleSystems":true},"in2DMode":false,"pivot":{"x":6.9650373458862309,"y":-0.39360666275024416,"z":-0.6690492630004883},"rotation":{"x":-0.07091715186834336,"y":0.9132995009422302,"z":-0.3579234480857849,"w":-0.1809575855731964},"size":11.405503273010254,"orthographic":false}