{"cameraMode":{"drawMode":0,"name":"Shaded","section":"Shading Mode"},"sceneLighting":true,"audioPlay":false,"sceneViewState":{"showFog":true,"showMaterialUpdate":false,"showSkybox":true,"showFlares":true,"showImageEffects":true,"showParticleSystems":true},"in2DMode":false,"pivot":{"x":0.4794633388519287,"y":-1.8927209377288819,"z":-2.006258487701416},"rotation":{"x":0.03827749192714691,"y":0.9472881555557251,"z":-0.29303327202796938,"w":0.12374041974544525},"size":8.351215362548829,"orthographic":false}