{"cameraMode":{"drawMode":0,"name":"Shaded","section":"Shading Mode"},"sceneLighting":false,"audioPlay":false,"sceneViewState":{"showFog":true,"showMaterialUpdate":false,"showSkybox":true,"showFlares":true,"showImageEffects":true,"showParticleSystems":true},"in2DMode":false,"pivot":{"x":7.07820987701416,"y":1.9514458179473878,"z":-5.930208683013916},"rotation":{"x":-0.130779430270195,"y":0.5930927395820618,"z":-0.0983911007642746,"w":-0.7883254289627075},"size":5.133108139038086,"orthographic":false}