{"cameraMode":{"drawMode":0,"name":"Shaded","section":"Shading Mode"},"sceneLighting":false,"audioPlay":false,"sceneViewState":{"showFog":true,"showMaterialUpdate":false,"showSkybox":true,"showFlares":true,"showImageEffects":true,"showParticleSystems":true},"in2DMode":false,"pivot":{"x":-0.023512542247772218,"y":1.7218714952468873,"z":-2.0150182247161867},"rotation":{"x":-0.04612000659108162,"y":0.9487733244895935,"z":-0.26565021276474,"w":-0.16471832990646363},"size":2.450956106185913,"orthographic":false}