{"cameraMode":{"drawMode":0,"name":"Shaded","section":"Shading Mode"},"sceneLighting":false,"audioPlay":false,"sceneViewState":{"showFog":true,"showMaterialUpdate":false,"showSkybox":true,"showFlares":true,"showImageEffects":true,"showParticleSystems":true},"in2DMode":false,"pivot":{"x":-2.25,"y":0.6832317113876343,"z":0.9516894817352295},"rotation":{"x":0.10777463018894196,"y":0.7027174234390259,"z":-0.10900896042585373,"w":0.694758951663971},"size":2.123807668685913,"orthographic":false}