{"cameraMode":{"drawMode":0,"name":"Shaded","section":"Shading Mode"},"sceneLighting":false,"audioPlay":false,"sceneViewState":{"showFog":true,"showMaterialUpdate":false,"showSkybox":true,"showFlares":true,"showImageEffects":true,"showParticleSystems":true},"in2DMode":false,"pivot":{"x":-1.8990000486373902,"y":-2.6070001125335695,"z":0.5059999823570252},"rotation":{"x":-0.014012177474796772,"y":0.9844146370887756,"z":-0.1487828940153122,"w":-0.09271059185266495},"size":22.0,"orthographic":false}