{"cameraMode":{"drawMode":0,"name":"Shaded","section":"Shading Mode"},"sceneLighting":true,"audioPlay":false,"sceneViewState":{"showFog":true,"showMaterialUpdate":false,"showSkybox":true,"showFlares":true,"showImageEffects":true,"showParticleSystems":true},"in2DMode":false,"pivot":{"x":1.3671541213989258,"y":0.9523287415504456,"z":3.0338213443756105},"rotation":{"x":0.0013136054622009397,"y":0.9936100840568543,"z":-0.11225905269384384,"w":0.011631273664534092},"size":2.233759880065918,"orthographic":false}