{"cameraMode":{"drawMode":0,"name":"Shaded","section":"Shading Mode"},"sceneLighting":true,"audioPlay":false,"sceneViewState":{"showFog":true,"showMaterialUpdate":false,"showSkybox":true,"showFlares":true,"showImageEffects":true,"showParticleSystems":true},"in2DMode":false,"pivot":{"x":-2.2887749671936037,"y":0.11815819144248963,"z":2.8345954418182375},"rotation":{"x":-0.07249713689088822,"y":0.5698096752166748,"z":-0.05056170001626015,"w":-0.8170095086097717},"size":1.4863464832305909,"orthographic":false}