{"cameraMode":{"drawMode":0,"name":"Shaded","section":"Shading Mode"},"sceneLighting":true,"audioPlay":false,"sceneViewState":{"showFog":true,"showMaterialUpdate":false,"showSkybox":true,"showFlares":true,"showImageEffects":true,"showParticleSystems":true},"in2DMode":false,"pivot":{"x":-3.2061495780944826,"y":-0.6031706929206848,"z":2.6802029609680177},"rotation":{"x":0.010205690748989582,"y":0.9780206680297852,"z":-0.20233090221881867,"w":0.04933258146047592},"size":3.0774855613708498,"orthographic":false}