{"cameraMode":{"drawMode":0,"name":"Shaded","section":"Shading Mode"},"sceneLighting":true,"audioPlay":false,"sceneViewState":{"showFog":true,"showMaterialUpdate":false,"showSkybox":true,"showFlares":true,"showImageEffects":true,"showParticleSystems":true},"in2DMode":false,"pivot":{"x":-2.90828275680542,"y":0.4103221893310547,"z":0.2142472267150879},"rotation":{"x":-0.00679419981315732,"y":0.9928648471832275,"z":-0.07011672109365463,"w":-0.0962129607796669},"size":8.429685592651368,"orthographic":false}