{"cameraMode":{"drawMode":0,"name":"Shaded","section":"Shading Mode"},"sceneLighting":true,"audioPlay":false,"sceneViewState":{"showFog":true,"showMaterialUpdate":false,"showSkybox":true,"showFlares":true,"showImageEffects":true,"showParticleSystems":true},"in2DMode":false,"pivot":{"x":-6.097998142242432,"y":-1.0015373229980469,"z":2.448774576187134},"rotation":{"x":-0.05894673988223076,"y":0.8223060369491577,"z":-0.08666346222162247,"w":-0.5593098402023315},"size":8.160475730895996,"orthographic":false}