{"cameraMode":{"drawMode":0,"name":"Shaded","section":"Shading Mode"},"sceneLighting":true,"audioPlay":false,"sceneViewState":{"showFog":true,"showMaterialUpdate":false,"showSkybox":true,"showFlares":true,"showImageEffects":true,"showParticleSystems":true},"in2DMode":false,"pivot":{"x":-2.9745068550109865,"y":0.09421533346176148,"z":-0.5622577667236328},"rotation":{"x":-0.000888449081685394,"y":0.9982542991638184,"z":-0.05696583166718483,"w":-0.01557689718902111},"size":5.576976299285889,"orthographic":false}